{
  "users": [
    {
      "email": "carlosbusi@yahoo.com",
      "name": "Carlos",
      "lastName": "Busi",
      "password": "Asd12345",
      "passwordCheck": "Asd12345",
      "termsAndConditions": true,
      "date": "2023-10-03T22:34:12.180Z",
      "id": 3
    },
    {
      "email": "academy@rollingcodeschool.com",
      "name": "Camila",
      "lastName": "gonella",
      "password": "Abc12345678",
      "passwordCheck": "Abc12345678",
      "termsAndConditions": true,
      "date": "2023-10-04T23:09:30.614Z",
      "id": 8
    }
  ],
  "products": [
    {
      "id": 1,
      "name": "Dota 2",
      "price": "Free",
      "categories": [
        "MOBA",
        "Multijugador",
        "Estrategia",
        "Free"
      ],
      "description": "Cada día, millones de jugadores de todo el mundo entran en batalla como uno de los más de cien héroes de Dota. Y no importa si es su décima hora de juego o la milésima, siempre hay algo nuevo que descubrir.",
      "images": [
        "https://cdn.cloudflare.steamstatic.com/steam/apps/570/header.jpg?t=1628188932",
        "https://cdn.akamai.steamstatic.com/steam/apps/570/ss_b33a65678dc71cc98df4890e22a89601ee56a918.1920x1080.jpg?t=1628188932",
        "https://cdn.akamai.steamstatic.com/steam/apps/570/ss_f9ebafedaf2d5cfb80ef1f74baa18eb08cad6494.1920x1080.jpg?t=1628188932"
      ],
      "requirementsMin": {
        "so": "Windows 7",
        "processor": "Dual core from Intel or AMD at 2.8 GHz",
        "memory": "4 GB de RAM",
        "graphics": "nVidia GeForce 8600/9600GT, ATI/AMD Radeon HD2600/3600",
        "directx": "Versión 9.0c",
        "storage": "$40 GB available space"
      },
      "requirementsMax": {
        "so": "",
        "processor": "",
        "memory": "",
        "graphics": "",
        "directx": "",
        "storage": ""
      },
      "outstanding": true
    },
    {
      "id": 2,
      "name": "Battlefield 1 ™",
      "price": 2499,
      "categories": [
        "FPS",
        "Multijugador"
      ],
      "description": "Únete a la comunidad de Battlefield y vive la guerra total a través de épicas batallas multijugador por equipos o de las fascinantes historias de guerra de la campaña.",
      "images": [
        "https://cdn.cloudflare.steamstatic.com/steam/apps/1238840/header.jpg?t=1626725027",
        "https://cdn.akamai.steamstatic.com/steam/apps/1238840/ss_c841957c9f342fac607ec0fb4c78d4defc2e26eb.1920x1080.jpg?t=1626725027",
        "https://cdn.akamai.steamstatic.com/steam/apps/1238840/ss_2aac0cbea68f0ac82154ca627e2e991fc65c9ede.1920x1080.jpg?t=1626725027"
      ],
      "requirementsMin": {
        "so": "64-bit Windows 7",
        "processor": "Processor (Intel): Intel Core i5 6600K / Processor (AMD): AMD FX-6350",
        "memory": "8 GB RAM",
        "graphics": "Graphics card (AMD): AMD Radeon™ HD 7850 2GB / Graphics card (NVIDIA): NVIDIA GeForce® GTX 660 2GB",
        "directx": "Version 11",
        "storage": "50 GB de espacio disponible"
      },
      "requirementsMax": {
        "so": "64-bit Windows 10 or later",
        "processor": "Processor (AMD): AMD FX 8350 Wraith / Processor (Intel): Intel Core i7 4790 or equivalent",
        "memory": "16 GB RAM",
        "graphics": "Graphics card (AMD): AMD Radeon™ RX 480 4GB / Graphics card (NVIDIA): NVIDIA GeForce® GTX 1060 3GB",
        "directx": "Version 11",
        "storage": "50 GB de espacio disponible"
      },
      "outstanding": false
    },
    {
      "id": 3,
      "name": "The Elder Scrolls V: Skyrim VR",
      "price": 925,
      "categories": [
        "Rol",
        "RV",
        "Mundo Abierto",
        "Aventuras"
      ],
      "description": "Bethesda Game Studios presenta un juego completo con un mundo abierto para RV. Skyrim VR recrea la obra de fantasía épica al completo con una escala, una profundidad y una sensación de inmersión sin igual. Skyrim VR incluye todos los complementos oficiales.",
      "images": [
        "https://cdn.cloudflare.steamstatic.com/steam/apps/306130/header.jpg?t=1622743433",
        "https://cdn.akamai.steamstatic.com/steam/apps/611670/ss_3737964d741715847d62317e6598c86847cb1cfa.600x338.jpg?t=1564002443",
        "https://cdn.akamai.steamstatic.com/steam/apps/611670/ss_73a051ca47e7aba7d9307c916aa2757a47af39d4.1920x1080.jpg?t=1564002443"
      ],
      "requirementsMin": {
        "so": "Windows 7/8.1/10 (64-bit versions)",
        "processor": "Intel Core i5-6600K or AMD Ryzen 5 1400 or better",
        "memory": "8 GB RAM",
        "graphics": "Nvidia GeForce GTX 970 / AMD RX 480 8GB or better",
        "directx": "",
        "storage": "15 GB de espacio disponible"
      },
      "requirementsMax": {
        "so": "Windows 10 (64-bit)",
        "processor": "Intel Core i7-4790 or AMD Ryzen 5 1500X",
        "memory": "8 GB RAM",
        "graphics": "Nvidia GeForce GTX 1070 8GB / AMD RX Vega 56 8GB",
        "directx": "",
        "storage": "15 GB de espacio disponible"
      },
      "outstanding": false
    },
    {
      "id": 4,
      "name": "Beat Saber",
      "price": 329.99,
      "categories": [
        "RV",
        "Ritmo",
        "Música"
      ],
      "description": "Beat Saber es un juego rítmico de RV donde rebanas los ritmos de la palpitante música mientras vuelan hacia ti, rodeado de un mundo futurista.",
      "images": [
        "https://cdn.cloudflare.steamstatic.com/steam/apps/620980/header.jpg?t=1622461922",
        "https://cdn.akamai.steamstatic.com/steam/apps/620980/ss_1881ae4f153faf0d1ccecca60fbdac5b43ad57eb.1920x1080.jpg?t=1622461922",
        "https://cdn.akamai.steamstatic.com/steam/apps/620980/ss_114dc9a9f27666b2d56801ba49a1db8fa202b6ee.1920x1080.jpg?t=1622461922"
      ],
      "requirementsMin": {
        "so": "Windows 7/8.1/10 (64bit)",
        "processor": "Intel Core i5 Sandy Bridge or equivalent",
        "memory": "4 GB de RAM",
        "graphics": "Nvidia GTX 960 or equivalent",
        "directx": "Version 11",
        "storage": "200 MB de espacio disponible"
      },
      "requirementsMax": {
        "so": "Windows 7/8.1/10 (64bit)",
        "processor": "Intel Core i7 Skylake or equivalent",
        "memory": "8 GB de RAM",
        "graphics": "Nvidia GTX 1060 or equivalent",
        "directx": "Version 12",
        "storage": "200 MB de espacio disponible"
      },
      "outstanding": false
    },
    {
      "id": 5,
      "name": "DOOM Eternal",
      "price": 2952.96,
      "categories": [
        "FPS",
        "Acción",
        "Sangriento"
      ],
      "description": "Los ejércitos del infierno han invadido la Tierra. Ponte en la piel del Slayer en una épica campaña para un jugador y cruza dimensiones para detener la destrucción definitiva de la humanidad. No le tienen miedo a nada... salvo a ti.",
      "images": [
        "https://cdn.cloudflare.steamstatic.com/steam/apps/782330/header.jpg?t=1628183141",
        "https://cdn.akamai.steamstatic.com/steam/apps/782330/ss_7e6a2148321c8024285e3924903d8897cac95358.1920x1080.jpg?t=1628183141",
        "https://cdn.akamai.steamstatic.com/steam/apps/782330/ss_674a859ebddf5e43eb71f84c3d34872f490ee882.1920x1080.jpg?t=1628183141"
      ],
      "requirementsMin": {
        "so": "64-bit Windows 7 / 64-Bit Windows 10",
        "processor": "Intel Core i5 @ 3.3 GHz or better, or AMD Ryzen 3 @ 3.1 GHz or better",
        "memory": "8 GB RAM",
        "graphics": "NVIDIA GeForce GTX 1050Ti (4GB), GTX 1060 (3GB), GTX 1650 (4GB) or AMD Radeon R9 280(3GB), AMD Radeon R9 290 (4GB), RX 470 (4GB)",
        "directx": "",
        "storage": "80 GB de espacio disponible"
      },
      "requirementsMax": {
        "so": "64-bit Windows 10",
        "processor": "Intel Core i7-6700K or better, or AMD Ryzen 7 1800X or better",
        "memory": "8 GB RAM",
        "graphics": "NVIDIA GeForce GTX 1060 (6GB), NVIDIA GeForce 970 (4GB), AMD RX 480 (8GB)",
        "directx": "",
        "storage": "80 GB de espacio disponible"
      },
      "outstanding": false
    },
    {
      "id": 6,
      "name": "Fallout 4",
      "price": 799,
      "categories": [
        "Mundo Abierto",
        "Rol",
        "Exploración"
      ],
      "description": "Eres el único superviviente del Refugio 111 en un mundo destruido por la guerra nuclear. Cada segundo es una lucha por la supervivencia, y en tus manos estarán todas las decisiones. Solo tú puedes reconstruir el yermo y decidir su futuro. Bienvenido a casa.",
      "images": [
        "https://cdn.cloudflare.steamstatic.com/steam/apps/377160/header.jpg?t=1588615523",
        "https://cdn.akamai.steamstatic.com/steam/apps/377160/ss_f7861bd71e6c0c218d8ff69fb1c626aec0d187cf.600x338.jpg?t=1588615523",
        "https://cdn.akamai.steamstatic.com/steam/apps/377160/ss_3830831c6ff3ab5926810e76c30386036910937f.1920x1080.jpg?t=1588615523"
      ],
      "requirementsMin": {
        "so": "Windows 7/8/10 (64-bit OS required)",
        "processor": "Intel Core i5-2300 2.8 GHz/AMD Phenom II X4 945 3.0 GHz or equivalent",
        "memory": "8 GB RAM",
        "graphics": "NVIDIA GTX 550 Ti 2GB/AMD Radeon HD 7870 2GB or equivalent",
        "directx": "",
        "storage": "30 GB de espacio disponible"
      },
      "requirementsMax": {
        "so": "Windows 7/8/10 (64-bit OS required)",
        "processor": "Intel Core i7 4790 3.6 GHz/AMD FX-9590 4.7 GHz or equivalen",
        "memory": "8 GB RAM",
        "graphics": "NVIDIA GTX 780 3GB/AMD Radeon R9 290X 4GB or equivalent",
        "directx": "",
        "storage": "30 GB de espacio disponible"
      },
      "outstanding": false
    },
    {
      "id": 7,
      "name": "Cyberpunk 2077",
      "price": 2199,
      "categories": [
        "Mundo Abierto",
        "Rol",
        "Ciencia Ficción"
      ],
      "description": "Cyberpunk 2077 es una historia de acción y aventura en mundo abierto ambientada en Night City, una megalópolis obsesionada con el poder, el glamur y la modificación corporal. Tu personaje es V, un mercenario que persigue un implante único que permite alcanzar la inmortalidad.",
      "images": [
        "https://cdn.cloudflare.steamstatic.com/steam/apps/1091500/header.jpg?t=1621944801",
        "https://cdn.akamai.steamstatic.com/steam/apps/1091500/ss_9beef14102f164fa1163536d0fb3a51d0a2e4a3f.1920x1080.jpg?t=1621944801",
        "https://cdn.akamai.steamstatic.com/steam/apps/1091500/ss_1a556842c2aadb9354e690a5c114473acc935c30.1920x1080.jpg?t=1621944801"
      ],
      "requirementsMin": {
        "so": "Windows 7 or 10",
        "processor": "Intel Core i5-3570K or AMD FX-8310",
        "memory": "8 GB RAM",
        "graphics": "NVIDIA GeForce GTX 780 or AMD Radeon RX 470",
        "directx": "Version 12",
        "storage": "70 GB de espacio disponible"
      },
      "requirementsMax": {
        "so": "Windows 10",
        "processor": "Intel Core i7-4790 or AMD Ryzen 3 3200G",
        "memory": "12 GB de RAM",
        "graphics": "GTX 1060 6GB / GTX 1660 Super or Radeon RX 590",
        "directx": "Version 12",
        "storage": "70 GB de espacio disponible"
      },
      "outstanding": false
    },
    {
      "id": 8,
      "name": "Destiny 2",
      "price": "Free",
      "categories": [
        "Mundo Abierto",
        "JcJ (PvP)",
        "Free"
      ],
      "description": "Sumérgete en el mundo de Destiny 2 para explorar los misterios del sistema solar y vive la experiencia de combate de respuesta rápida de este shooter en primera persona. Consigue poderosas habilidades elementales y colecciona equipamiento único para personalizar tanto el aspecto como el estilo de juego de tu guardián.",
      "images": [
        "https://cdn.cloudflare.steamstatic.com/steam/apps/1085660/header_spanish.jpg?t=1623451079",
        "https://cdn.akamai.steamstatic.com/steam/apps/1085660/ss_7fcc82f468fcf8278c7ffa95cebf949bfc6845fc.1920x1080.jpg?t=1623451079",
        "https://cdn.akamai.steamstatic.com/steam/apps/1085660/ss_a9642404e586be28f856e8f02d038828f691a5ba.1920x1080.jpg?t=1623451079"
      ],
      "requirementsMin": {
        "so": "Windows® 7 / Windows® 8.1 / Windows® 10 64-bit (latest Service Pack)",
        "processor": "Intel® Core™ i3 3250 3.5 GHz or Intel Pentium G4560 3.5 GHz / AMD FX-4350 4.2 GHz",
        "memory": "6 GB RAM",
        "graphics": "NVIDIA® GeForce® GTX 660 2GB or GTX 1050 2GB / AMD Radeon HD 7850 2GB",
        "directx": "",
        "storage": "105 GB de espacio disponible"
      },
      "requirementsMax": {
        "so": "System Windows® 7 / Windows® 8.1 / Windows® 10 64-bit (latest Service Pack)",
        "processor": "Processor Intel® Core™ i5 2400 3.4 GHz or i5 7400 3.5 GHz / AMD Ryzen R5 1600X 3.6 GHz",
        "memory": "8 GB RAM",
        "graphics": "NVIDIA® GeForce® GTX 970 4GB or GTX 1060 6GB / AMD R9 390 8GB Memory 8 GB RAM",
        "directx": "",
        "storage": "105 GB de espacio disponible"
      },
      "outstanding": false
    },
    {
      "id": 9,
      "name": "Apex Legends™",
      "price": "Free",
      "categories": [
        "Batalla Real",
        "Multijugador",
        "Disparos",
        "Free"
      ],
      "description": "Domina con estilo en Apex Legends, un juego gratuito* de acción en primera persona, donde personajes legendarios con poderosas habilidades forman equipos para luchar y lograr fortuna y gloria en los confines de la Frontera.",
      "images": [
        "https://cdn.cloudflare.steamstatic.com/steam/apps/1172470/header.jpg?t=1628016281",
        "https://cdn.akamai.steamstatic.com/steam/apps/1172470/ss_e87c1af335b50029c7a6ea49ea40c096dca9d33f.1920x1080.jpg?t=1628016281",
        "https://cdn.akamai.steamstatic.com/steam/apps/1172470/ss_dd74f4ebade7828da63851f0af9c07878870e844.1920x1080.jpg?t=1628016281"
      ],
      "requirementsMin": {
        "so": "64-bit Windows 7",
        "processor": "AMD FX 4350 or Equivalent, Intel Core i3 6300 or Equivalent",
        "memory": "6 GB RAM",
        "graphics": "AMD Radeon™ HD 7730, NVIDIA GeForce® GT 640",
        "directx": "Version 11",
        "storage": "56 GB de espacio disponible"
      },
      "requirementsMax": {
        "so": "64-bit Windows 7",
        "processor": "Ryzen 5 CPU or Equivalent",
        "memory": "8 GB RAM",
        "graphics": "AMD Radeon™ R9 290, NVIDIA GeForce® GTX 970",
        "directx": "Version 11",
        "storage": "56 GB de espacio disponible"
      },
      "outstanding": false
    },
    {
      "id": 10,
      "name": "Left 4 Dead 2",
      "price": 129.99,
      "categories": [
        "Zombie",
        "Multijugador",
        "Acción",
        "FPS"
      ],
      "description": "Ambientado en el apocalipsis zombi, Left 4 Dead 2 (L4D2) es la esperadísima secuela del galardonado Left 4 Dead. Este FPS cooperativo de acción y terror os llevará a ti y a tus amigos por las ciudades, pantanos y cementerios del Sur Profundo, desde Savannah hasta Nueva Orleans, a lo largo de cinco extensas campañas.",
      "images": [
        "https://cdn.cloudflare.steamstatic.com/steam/apps/550/header.jpg?t=1601578341",
        "https://cdn.akamai.steamstatic.com/steam/apps/550/ss_2eae29fbdfe8e5e8999b96d8bb28c5db70507968.600x338.jpg?t=1601578341",
        "https://cdn.akamai.steamstatic.com/steam/apps/550/ss_1d9d6e638c8ad4b04fac0f49ca32947b31396f24.1920x1080.jpg?t=1601578341"
      ],
      "requirementsMin": {
        "so": "Windows® 7 32/64-bit / Vista 32/64 / XP",
        "processor": "Pentium 4 3.0GHz",
        "memory": "2 GB RAM",
        "graphics": "Video card with 128 MB, Shader model 2.0. ATI X800, NVidia 6600 or better",
        "directx": "Version 9.0c",
        "storage": "13 GB de espacio disponible"
      },
      "requirementsMax": {
        "so": "Windows® 7 32/64-bit / Vista 32/64 / XP",
        "processor": "Intel core 2 duo 2.4GHz",
        "memory": "2 GB RAM",
        "graphics": "Video Card Shader model 3.0. NVidia 7600, ATI X1600 or better",
        "directx": "Version 9.0c",
        "storage": "13 GB de espacio disponible"
      },
      "outstanding": false
    },
    {
      "id": 11,
      "name": "The Walking Dead: Saints & Sinners",
      "price": 439,
      "categories": [
        "RV",
        "Rol",
        "Acción"
      ],
      "description": "Saints & Sinners es un juego como ningún otro en el universo de The Walking Dead. USTED impulsa cada desafío que enfrenta y cada decisión que toma. Lucha contra los muertos vivientes, recorre las ruinas inundadas de Nueva Orleans y enfréntate a decisiones desgarradoras para ti y los demás supervivientes.",
      "images": [
        "https://cdn.cloudflare.steamstatic.com/steam/apps/916840/header.jpg?t=1594746141",
        "https://cdn.cloudflare.steamstatic.com/steam/apps/916840/ss_a461ce5966069da59600271fb8d392e6366f152a.600x338.jpg?t=1594746141",
        "https://cdn.cloudflare.steamstatic.com/steam/apps/916840/ss_9e8acbe7127e45a0f50e3fd0e90163e8f3b5fe25.600x338.jpg?t=1594746141"
      ],
      "requirementsMin": {
        "so": "Windows 10",
        "processor": "Intel i5-4590 / AMD Ryzen 5 1500X or greater",
        "memory": "8 GB RAM",
        "graphics": "NVIDIA GTX 1060 / AMD Radeon RX 480 or greater",
        "directx": "Version 11",
        "storage": "40 GB available space"
      },
      "requirementsMax": {
        "so": "Windows 10",
        "processor": "Intel i7 8700k / AMD Ryzen 7 1800X",
        "memory": "16 GB RAM",
        "graphics": "NVIDIA GTX 1070 / AMD Radeon Vega 56",
        "directx": "Version 11",
        "storage": "40 GB available space"
      },
      "outstanding": false
    },
    {
      "id": 12,
      "name": "The Sims™ 4",
      "price": 2499,
      "categories": [
        "familiar",
        "comida"
      ],
      "description": "Disfruta el poder de crear y controlar a la gente en un mundo virtual en el que no hay reglas. ¡Sé poderoso y libre, diviértete y juega con la vida!",
      "images": [
        "https://cdn.akamai.steamstatic.com/steam/apps/1222670/header.jpg?t=1625243769",
        "https://cdn.cloudflare.steamstatic.com/steam/apps/1222670/ss_deff01316e808691dc6fd25f588c161ffa7ca72a.600x338.jpg?t=1625243769",
        "https://cdn.cloudflare.steamstatic.com/steam/apps/1222670/ss_537683e5e29c2d6d02c64aa7321dcb26166f7d82.600x338.jpg?t=1625243769"
      ],
      "requirementsMin": {
        "so": "64 Bit Required. Windows 7 (SP1), Windows 8, Windows 8.1, or Windows 10",
        "processor": "1.8 GHz Intel Core 2 Duo, AMD Athlon 64 Dual-Core 4000+ or equivalent (For computers using built-in graphics chipsets, the game requires 2.0 GHz Intel Core 2 Duo, 2.0 GHz AMD Turion 64 X2 TL-62 or equivalent)",
        "memory": "4 GB RAM",
        "graphics": "128 MB of Video RAM and support for Pixel Shader 3.0. Supported Video Cards: NVIDIA GeForce 6600 or better, ATI Radeon X1300 or better, Intel GMA X4500 or better",
        "directx": "Version 9.0",
        "storage": "17 GB available space"
      },
      "requirementsMax": {
        "so": "64 Bit Windows 7 (SP1), 8, 8.1, or 10",
        "processor": "Intel core i5 or faster, AMD Athlon X4",
        "memory": "8 GB RAM",
        "graphics": "NVIDIA GTX 650 or better",
        "directx": "Version 9.0",
        "storage": "18 GB available space"
      },
      "outstanding": false
    },
    {
      "id": 13,
      "name": "Far Cry® 5",
      "price": 449,
      "categories": [
        "Mundo abierto",
        "FPS",
        "Disparos"
      ],
      "description": "Bienvenido a Hope County, Montana, la tierra de los valientes y de la libertad, pero también de la secta apocalíptica conocido como \" Puerta del Edén\". Enfréntate a Joseph Seed, líder de la secta, y sus hermanos para liberar a la comunidad de Hope.",
      "images": [
        "https://cdn.cloudflare.steamstatic.com/steam/apps/552520/header.jpg?t=1628209646",
        "https://cdn.cloudflare.steamstatic.com/steam/apps/552520/ss_a52c732d62a26d20bcfb0525929178749392f4fc.600x338.jpg?t=1628209646",
        "https://cdn.cloudflare.steamstatic.com/steam/apps/552520/ss_c26333a1e53aad3d6a8cc0a347e9ac5e0dd98587.600x338.jpg?t=1628209646"
      ],
      "requirementsMin": {
        "so": "Windows 7 SP1, Windows 8.1, Windows 10 (64-bit versions only)",
        "processor": "Intel Core i5-2400 @ 3.1 GHz or AMD FX-6300 @ 3.5 GHz or equivalent",
        "memory": "8 GB RAM",
        "graphics": "NVIDIA GeForce GTX 670 or AMD R9 270 (2GB VRAM with Shader Model 5.0 or better)",
        "directx": "Version 9.0c",
        "storage": "40 GB available space"
      },
      "requirementsMax": {
        "so": "64 Bit Windows 7 (SP1), 8, 8.1, or 10Windows 7 SP1, Windows 8.1, Windows 10 (64-bit versions only)",
        "processor": "Intel Core i7-4770 @ 3.4 GHz or AMD Ryzen 5 1600 @ 3.2 GHz or equivalent",
        "memory": "8 GB RAM",
        "graphics": "NVIDIA GeForce GTX 970 or AMD R9 290X (4GB VRAM with Shader Model 5.0 or better)",
        "directx": "Version 9.0",
        "storage": "40 GB available space"
      },
      "outstanding": false
    },
    {
      "id": 14,
      "name": "Age of Empires II: Definitive Edition",
      "price": 299,
      "categories": [
        "Estrategia",
        "Clasico",
        "Multijugador"
      ],
      "description": "Age of Empires II: Definitive Edition incluye \"Los últimos khanes\", que incorpora 3 campañas y 4 civilizaciones nuevas. Las frecuentes actualizaciones contienen eventos, contenido adicional, nuevos modos de juego y funciones mejoradas. ",
      "images": [
        "https://cdn.cloudflare.steamstatic.com/steam/apps/813780/header.jpg?t=1625261006",
        "https://cdn.cloudflare.steamstatic.com/steam/apps/813780/ss_e2fc6cfd934c8150cf751955d44deb688ab3c7d0.600x338.jpg?t=1625261006",
        "https://cdn.cloudflare.steamstatic.com/steam/apps/813780/ss_83253675c7af3ad5f3f2c1dc2c43c667000e0c4a.600x338.jpg?t=1625261006"
      ],
      "requirementsMin": {
        "so": "Windows 10 64bit",
        "processor": "Intel Core 2 Duo or AMD Athlon 64x2 5600+",
        "memory": "4 GB RAM",
        "graphics": "NVIDIA® GeForce® GT 420 or ATI™ Radeon™ HD 6850 or Intel® HD Graphics 4000 or better with 2 GB VRAM",
        "directx": "Version 11",
        "storage": "30 GB available space"
      },
      "requirementsMax": {
        "so": "Windows 10 64bit",
        "processor": " 2.4 Ghz i5 or greater or AMD equivalent",
        "memory": "8 GB RAM",
        "graphics": "Nvidia® GTX 650 or AMD HD 5850 or better",
        "directx": "Version 11",
        "storage": "30 GB available space"
      },
      "outstanding": true
    },
    {
      "id": 15,
      "name": "BioShock™",
      "price": 359,
      "categories": [
        "FPS",
        "Acción",
        "Rol"
      ],
      "description": " BioShock es un shooter distinto a todos, lleno de armas y tácticas nunca vistas. Tendrás un completo arsenal a tu disposición: desde sencillos revólveres a lanzagranadas y lanzadores de productos químicos, pero también estarás obligado a modificar tu ADN para crear un arma mucho más mortífera...",
      "images": [
        "https://cdn.cloudflare.steamstatic.com/steam/apps/7670/header.jpg?t=1568739889",
        "https://cdn.cloudflare.steamstatic.com/steam/apps/7670/0000002508.600x338.jpg?t=1568739889",
        "https://cdn.cloudflare.steamstatic.com/steam/apps/7670/0000002509.600x338.jpg?t=1568739889"
      ],
      "requirementsMin": {
        "so": "Windows XP (con Service Pack 2) o Windows Vista",
        "processor": "Intel Pentium 4 Single Core a 2.4 GHz",
        "memory": "1 GB RAM",
        "graphics": "Gráfica con 128 MB de VRAM",
        "directx": "Version 9.0c",
        "storage": "8 GB de espacio libre en disco duro"
      },
      "requirementsMax": {
        "so": "Windows XP (con Service Pack 2) o Windows Vista",
        "processor": "Intel Core 2 Duo processor",
        "memory": "2 GB RAM",
        "graphics": "Gráfica con 512 MB de VRAM y compatible con DirectX 9.0c y Pixel Shader 3.0 (nVidia GeForce 7900 GT o superior)",
        "directx": "Version 10",
        "storage": "8 GB available space"
      },
      "outstanding": true
    },
    {
      "id": 16,
      "name": "Mafia III: Definitive Edition",
      "price": 1889,
      "categories": [
        "FPS",
        "Acción",
        "Rol"
      ],
      "description": "Es 1968, las reglas han cambiado. Tras años en Vietnam, Lincoln Clay ha llegado a esta conclusión: la familia no son aquellos con los que has nacido, sino aquellos por los que estás dispuesto a morir.",
      "images": [
        "https://cdn.cloudflare.steamstatic.com/steam/apps/360430/header.jpg?t=1602775991",
        "https://cdn.cloudflare.steamstatic.com/steam/apps/360430/ss_79a7893ab3a58f8d2e7028482810d092ac320718.600x338.jpg?t=1602775991",
        "https://cdn.cloudflare.steamstatic.com/steam/apps/360430/ss_ca90f4dd0ea6a3ee87518bce4958b05be9ad528e.116x65.jpg?t=1602775991"
      ],
      "requirementsMin": {
        "so": "Windows 7 64-bit",
        "processor": "Intel I5-2500K, AMD FX-8120",
        "memory": "6 GB RAM",
        "graphics": " 2GB of Video Memory & NVIDIA GeForce GTX 660, AMD Radeon HD7870",
        "directx": "Version 11",
        "storage": "50 GB de espacio disponible"
      },
      "requirementsMax": {
        "so": "Windows 7 64-bit",
        "processor": "Intel I7-3770, AMD FX 8350 4.0 Ghz",
        "memory": "8 GB RAM",
        "graphics": "4GB of Video Memory & NVIDIA Geforce GTX 780 or GeForce GTX 1060, AMD Radeon R9 290X",
        "directx": "Version 11",
        "storage": "50 GB available space"
      },
      "outstanding": true
    },
    {
      "id": 17,
      "name": "Worms Armageddon",
      "price": "Free",
      "categories": [
        "Multijugador",
        "Clasico",
        "Free"
      ],
      "description": "Esos intrépidos invertebrados regresan con una venganza en el amado Worms ™ Armageddon. ¡Es una lata de gusanos completamente nueva! Es una diversión tremenda que puedes disfrutar solo o con todos tus amigos.",
      "images": [
        "https://cdn.cloudflare.steamstatic.com/steam/apps/217200/header.jpg?t=1609928432",
        "https://cdn.cloudflare.steamstatic.com/steam/apps/217200/ss_45b7244cd34b97ed08adde4fc462304f137891d1.600x338.jpg?t=1609928432",
        "https://cdn.cloudflare.steamstatic.com/steam/apps/217200/ss_ab1831e65cc9c429a8527c7c12690db0be197394.600x338.jpg?t=1609928432"
      ],
      "requirementsMin": {
        "so": "Windows XP or above",
        "processor": "Intel Core 2 Duo, AMD 64x2 or above",
        "memory": "1 GB RAM",
        "graphics": "Nvidia GeForce 8600GT (256MB), AMD/ATI Radeon HD3650 (256MB), Intel HD3000 or above",
        "directx": "Version 9.0",
        "storage": "2 GB de espacio disponible"
      },
      "requirementsMax": {
        "so": "Windows XP or above",
        "processor": "Intel Core 2 Duo, AMD 64x2 or above",
        "memory": "1 GB RAM",
        "graphics": "Nvidia GeForce 8600GT (256MB), AMD/ATI Radeon HD3650 (256MB), Intel HD3000 or above",
        "directx": "Version 9.0",
        "storage": "2 GB de espacio disponible"
      },
      "outstanding": false
    },
    {
      "id": 18,
      "name": "Crysis® 3",
      "price": 1399,
      "categories": [
        "FPS",
        "Disparos",
        "Acción"
      ],
      "description": "Vence a la corporación CELL con potentes armas y exclusivos módulos del nanotraje, que se desbloquearán al instante con la Edición Digital Deluxe. Activada compatibilidad con lector de pantallas.",
      "images": [
        "https://cdn.cloudflare.steamstatic.com/steam/apps/1282690/header.jpg?t=1614948961",
        "https://cdn.cloudflare.steamstatic.com/steam/apps/1282690/ss_2b1015c49e996ddb3193ca74fb7b553a7fc60895.600x338.jpg?t=1614948961",
        "https://cdn.cloudflare.steamstatic.com/steam/apps/1282690/ss_04a3b91fd8a9f970325310292ccf782a6efcc43a.600x338.jpg?t=1614948961"
      ],
      "requirementsMin": {
        "so": "Windows 7 or Windows 8",
        "processor": "2.4 GHz Intel Core 2 Duo / 2.7 GHz AMD Athlon 64X2",
        "memory": "3 GB RAM",
        "graphics": "1 GB Video RAM or better / NVidia GTS 450 or AMD Radeon HD5770",
        "directx": "Version 11",
        "storage": "17 GB de espacio disponible"
      },
      "requirementsMax": {
        "so": "Windows 7 or Windows 8",
        "processor": "2.4 GHz Intel Core i5-750 / 2.7 GHz AMD Phenom II X4 805",
        "memory": "4 GB RAM",
        "graphics": "1 GB Video RAM or better / NVidia GTX560 or AMD Radeon HD5870",
        "directx": "Version 11",
        "storage": "17 GB de espacio disponible"
      },
      "outstanding": false
    },
    {
      "id": 19,
      "name": "FINAL FANTASY",
      "price": 540,
      "categories": [
        "Rol",
        "Exploración",
        "Retro"
      ],
      "description": "¡El FINAL FANTASY original cobra vida con nuevos gráficos y audio ! ¡Una versión remodelada en 2D del primer título de la célebre serie FINAL FANTASY! Disfruta de una historia clásica narrada a través de unos gráficos retro fascinantes.",
      "images": [
        "https://cdn.cloudflare.steamstatic.com/steam/apps/1173770/header.jpg?t=1628530198",
        "https://cdn.cloudflare.steamstatic.com/steam/apps/1173770/ss_ab96649204844d016461c3e784649f239d7e529b.600x338.jpg?t=1628530198",
        "https://cdn.cloudflare.steamstatic.com/steam/apps/1173770/ss_a905f6649e07d5144603d9e7f01e00e924f60e8c.600x338.jpg?t=1628530198"
      ],
      "requirementsMin": {
        "so": "Windows 8.1 64-bit / Windows 10 64-bit (ver.1909 and above)",
        "processor": " AMD A8-7600 / Intel® Core™ i3-2105",
        "memory": "4 GB RAM",
        "graphics": "AMD Radeon™ R7 Graphics / Intel® HD Graphics 3000",
        "directx": "Version 10",
        "storage": "1 GB de espacio disponible"
      },
      "requirementsMax": {
        "so": "Windows 8.1 64-bit / Windows 10 64-bit (ver.1909 and above)",
        "processor": "AMD A8-7600 / Intel® Core™ i3-3225",
        "memory": "4 GB RAM",
        "graphics": "AMD Radeon™ R7 Graphics / Intel® HD Graphics 4000",
        "directx": "Version 11",
        "storage": "1 GB de espacio disponible"
      },
      "outstanding": true
    },
    {
      "id": 20,
      "name": "Cuphead",
      "price": "Free",
      "categories": [
        "Free",
        "Disparo",
        "Retro"
      ],
      "description": "Cuphead es un juego de acción clásico estilo \"dispara y corre\" que se centra en combates contra el jefe. Inspirado en los dibujos animados de los años 30, los aspectos visual y sonoro están diseñados con esmero empleando las mismas técnicas de la época.",
      "images": [
        "https://cdn.cloudflare.steamstatic.com/steam/apps/268910/header.jpg?t=1589281999",
        "https://cdn.cloudflare.steamstatic.com/steam/apps/268910/ss_874f2d27a9120ee60cbce0c7bd4085525fd09b26.600x338.jpg?t=1589281999",
        "https://cdn.cloudflare.steamstatic.com/steam/apps/268910/ss_615455299355eaf552c638c7ea5b24a8b46e02dd.600x338.jpg?t=1589281999"
      ],
      "requirementsMin": {
        "so": "Windows 7",
        "processor": "Intel Core2 Duo E8400, 3.0GHz or AMD Athlon 64 X2 6000+, 3.0GHz or higher",
        "memory": "3 GB RAM",
        "graphics": "Geforce 9600 GT or AMD HD 3870 512MB or higher",
        "directx": "Version 11",
        "storage": "4 GB de espacio disponible"
      },
      "requirementsMax": {
        "so": "Windows 7",
        "processor": "Intel Core2 Duo E8400, 3.0GHz or AMD Athlon 64 X2 6000+, 3.0GHz or higher",
        "memory": "3 GB RAM",
        "graphics": "Geforce 9600 GT or AMD HD 3870 512MB or higher",
        "directx": "Version 11",
        "storage": "4 GB de espacio disponible"
      },
      "outstanding": true
    }
  ]
}